<?xml version="1.0" encoding="utf-8"?>
<edmx:Edmx xmlns:edmx="http://docs.oasis-open.org/odata/ns/edmx" Version="4.0">
	<edmx:Reference Uri="/sap/bc/ui5_ui5/ui2/ushell/resources/sap/ushell/components/factsheet/vocabularies/UI.xml">
		<edmx:Include Alias="UI" Namespace="com.sap.vocabularies.UI.v1"/>
	</edmx:Reference>
	<edmx:Reference Uri="$metadata"> 
		<edmx:Include Alias="com.sap.openSAP.hana.example.services" Namespace="com.sap.openSAP.hana.example.services"/>
	</edmx:Reference>
	<edmx:DataServices>
		<Schema xmlns="http://docs.oasis-open.org/odata/ns/edm" Namespace="POWorklist.com.sap.openSAP.hana.example.services">
			<!--===============================================================================
                Entity Type from chosen collection 
                ================================================================================-->
			<Annotations Target="com.sap.openSAP.hana.example.services.POHeaderType">
				<Annotation Term="UI.SelectionFields">
					<Collection>
						<PropertyPath>PARTNER_PARTNERID</PropertyPath>
						<PropertyPath>HISTORY_CREATEDAT</PropertyPath>
					</Collection>
				</Annotation>
				<Annotation Term="UI.HeaderInfo">
					<Record Type="UI.HeaderInfoType">
						<PropertyValue Property="TypeName" String="{@i18n>PO_HEADER}" />
						<PropertyValue Property="TypeNamePlural" String="{@i18n>PO_HEADERS}" />
						<Record Type="UI.DataField">
							<PropertyValue Property="Value" String="{@i18n>PO_HEADER}" />
						</Record>
						<PropertyValue Property="Title">
							<Record Type="UI.DataField">
								<PropertyValue Property="Value" Path ="PURCHASEORDERID"/>
							</Record>
						</PropertyValue>
						<PropertyValue Property="Description">
							<Record Type="UI.DataField">
								<PropertyValue Property="Value" Path="GROSSAMOUNT" />
							</Record>
						</PropertyValue>
					</Record>
				</Annotation>
				<Annotation Term="UI.HeaderFacets">
					
				</Annotation>	
				<Annotation Term="UI.Facets">
					<Collection>
						<Record Type="UI.CollectionFacet">
							<PropertyValue Property="ID" String="GeneralInformation"/>
							<PropertyValue Property="Label" String="{@i18n>@GeneralInfoFacetLabel}"/>
							<PropertyValue Property="Facets">
								<Collection>
									<Record Type="UI.ReferenceFacet">
										<PropertyValue Property="Label" String="{@i18n>@GeneralInfoFacetLabel}"/>
										<PropertyValue Property="Target" AnnotationPath="@UI.LineItem"/>
									</Record>
								</Collection>
							</PropertyValue>
						</Record>
						<Record Type="UI.ReferenceFacet">
							<PropertyValue Property="Label" String="{@i18n>@SecondFacetLabel}"/>
							<PropertyValue Property="Target" AnnotationPath="POItem/@UI.LineItem"/>
						</Record>
					</Collection>
				</Annotation>
			</Annotations>
			<!--===============================================================================
                Entity Type from chosen navigation property
                ================================================================================-->
			<Annotations Target="com.sap.openSAP.hana.example.services.POItemType">
				<Annotation Term="UI.Facets">
					<Collection>
						<Record Type="UI.CollectionFacet">
							<PropertyValue Property="ID" String="GeneralInformation"/>
							<PropertyValue Property="Label" String="{@i18n>@GeneralInfoFacetLabel}"/>
							<PropertyValue Property="Facets">
								<Collection>
									<Record Type="UI.ReferenceFacet">
										<PropertyValue Property="Label" String="{@i18n>@GeneralInfoFacetLabel}"/>
										<PropertyValue Property="Target" AnnotationPath="@UI.Identification"/>
									</Record>
								</Collection>
							</PropertyValue>
						</Record>
					</Collection>
				</Annotation>
			</Annotations>
		</Schema>
	</edmx:DataServices>
</edmx:Edmx>