﻿<?xml version="1.0" encoding="utf-8"?>
<!--

  Technical Committee:
  OASIS Open Data Protocol (OData) TC
  https://www.oasis-open.org/committees/odata

  Chairs:
  - Ralf Handl (ralf.handl@sap.com), SAP SE
  - Ram Jeyaraman (Ram.Jeyaraman@microsoft.com), Microsoft

  Editors:
  - Ralf Handl (ralf.handl@sap.com), SAP SE
  - Ram Jeyaraman (Ram.Jeyaraman@microsoft.com), Microsoft
  - Michael Pizzo (mikep@microsoft.com), Microsoft

  Additional artifacts:
  This vocabulary is one component of a Work Product that also includes the following vocabulary components:
  - OData Core Vocabulary. Latest version: http://docs.oasis-open.org/odata/odata-vocabularies/v4.0/vocabularies/Org.OData.Core.V1.xml.
  - OData Measures Vocabulary. Latest version: http://docs.oasis-open.org/odata/odata-vocabularies/v4.0/vocabularies/Org.OData.Measures.V1.xml.
  - OData Capabilities Vocabulary. Latest version: http://docs.oasis-open.org/odata/odata-vocabularies/v4.0/vocabularies/Org.OData.Capabilities.V1.xml.
  - OData Validation Vocabulary. Latest version: http://docs.oasis-open.org/odata/odata-vocabularies/v4.0/vocabularies/Org.OData.Validation.V1.xml.
  - OData Aggregation Vocabulary. Latest version: http://docs.oasis-open.org/odata/odata-vocabularies/v4.0/vocabularies/Org.OData.Aggretation.V1.xml.
  - OData Authorization Vocabulary. Latest version: http://docs.oasis-open.org/odata/odata-vocabularies/v4.0/vocabularies/Org.OData.Authorization.V1.xml.

  Related work:
  This vocabulary replaces or supersedes:
  - OData Version 4.0 Vocabulary components: OData Capabilities Vocabulary.
  This vocabulary is related to:
  - OData Version 4.01 Part 1: Protocol. Latest version: http://docs.oasis-open.org/odata/odata/v4.01/odata-v4.01-part1-protocol.html.
  - OData Version 4.01 Part 2: URL Conventions. Latest version: http://docs.oasis-open.org/odata/odata/v4.01/odata-v4.01-part2-url-conventions.html.
  - OData Version 4.01 Part 3: Common Schema Definition Language (CSDL). Latest version: http://docs.oasis-open.org/odata/odata/v4.01/odata-v4.01-part3-csdl.html.
  - OData Common Schema Definition Language (CSDL) XML Representation Version 4.01. Latest version: http://docs.oasis-open.org/odata/odata-csdl-xml/v4.01/odata-csdl-xml-v4.01.html.
  - OData JSON Format Version 4.01. Latest version: http://docs.oasis-open.org/odata/odata-json-format/v4.01/odata-json-format-v4.01.html.
  - OData Extension for Data Aggregation Version 4.0. Latest version: http://docs.oasis-open.org/odata/odata-data-aggregation-ext/v4.0/odata-data-aggregation-ext-v4.0.html.

  Abstract:
  This document contains terms describing capabilities of an OData service.

-->
<edmx:Edmx xmlns:edmx="http://docs.oasis-open.org/odata/ns/edmx" Version="4.0">
  <edmx:Reference Uri="http://docs.oasis-open.org/odata/odata-vocabularies/v4.0/vocabularies/Org.OData.Core.V1.xml">
    <edmx:Include Alias="Core" Namespace="Org.OData.Core.V1" />
  </edmx:Reference>
  <edmx:Reference Uri="http://docs.oasis-open.org/odata/odata-vocabularies/v4.0/vocabularies/Org.OData.Validation.V1.xml">
    <edmx:Include Alias="Validation" Namespace="Org.OData.Validation.V1" />
  </edmx:Reference>
  <edmx:DataServices>
    <Schema xmlns="http://docs.oasis-open.org/odata/ns/edm" Namespace="Org.OData.Capabilities.V1" Alias="Capabilities">
      <Annotation Term="Core.Description">
        <String>Terms describing capabilities of a service</String>
      </Annotation>
      <Annotation Term="Core.LongDescription">
        <String>
There are some capabilities which are strongly recommended for services to support even
though they are optional. Support for $top and $skip is a good example as
supporting these query options helps with performance of a service and are essential. Such
capabilities are assumed to be default capabilities of an OData service even in
the case that a capabilities annotation doesn’t exist. Capabilities annotations are
mainly expected to be used to explicitly specify that a service doesn’t support such
capabilities. Capabilities annotations can as well be used to declaratively
specify the support of such capabilities.

On the other hand, there are some capabilities that a service may choose to support or
not support and in varying degrees. $filter and $orderby are such good examples.
This vocabulary aims to define terms to specify support or no support for such
capabilities.

A service is assumed to support by default the following capabilities even though an
annotation doesn’t exist:
- Countability ($count)
- Client pageability ($top, $skip)
- Expandability ($expand)
- Indexability by key
- Batch support ($batch)
- Navigability of navigation properties

A service is expected to support the following capabilities. If not supported, the
service is expected to call out the restrictions using annotations:
- Filterability ($filter)
- Sortability ($orderby)
- Queryability of top level entity sets
- Query functions

A client cannot assume that a service supports certain capabilities. A client can try, but
it needs to be prepared to handle an error in case the following capabilities are not
supported:
- Insertability
- Updatability
- Deletability
        </String>
      </Annotation>

      <!-- Conformance Level -->

      <Term Name="ConformanceLevel" Type="Capabilities.ConformanceLevelType" AppliesTo="EntityContainer">
        <Annotation Term="Core.Description" String="The conformance level achieved by this service" />
      </Term>
      <EnumType Name="ConformanceLevelType">
        <Member Name="Minimal">
          <Annotation Term="Core.Description" String="Minimal conformance level" />
        </Member>
        <Member Name="Intermediate">
          <Annotation Term="Core.Description" String="Intermediate conformance level" />
        </Member>
        <Member Name="Advanced">
          <Annotation Term="Core.Description" String="Advanced conformance level" />
        </Member>
      </EnumType>

      <!-- Request Capabilities -->

      <Term Name="SupportedFormats" Type="Collection(Edm.String)" Nullable="false" AppliesTo="EntityContainer">
        <Annotation Term="Core.Description" String="Media types of supported formats, including format parameters" />
        <Annotation Term="Core.IsMediaType" />
      </Term>

      <Term Name="SupportedMetadataFormats" Type="Collection(Edm.String)" Nullable="false" AppliesTo="EntityContainer">
        <Annotation Term="Core.Description" String="Media types of supported formats for $metadata, including format parameters" />
        <Annotation Term="Core.IsMediaType" />
      </Term>

      <Term Name="AcceptableEncodings" Type="Collection(Edm.String)" Nullable="false" AppliesTo="EntityContainer">
        <Annotation Term="Core.Description" String="List of acceptable compression methods for ($batch) requests, e.g. gzip" />
      </Term>

      <!-- Supported Preferences -->

      <Term Name="AsynchronousRequestsSupported" Type="Core.Tag" DefaultValue="true" AppliesTo="EntityContainer">
        <Annotation Term="Core.Description" String="Service supports the asynchronous request preference" />
      </Term>

      <Term Name="BatchContinueOnErrorSupported" Type="Core.Tag" DefaultValue="true" AppliesTo="EntityContainer">
        <Annotation Term="Core.Description"
          String="Service supports the continue on error preference. Supports $batch requests. Services that apply the BatchContinueOnErrorSupported term should also specify the ContinueOnErrorSupported property from the BatchSupport term." />
      </Term>

      <Term Name="IsolationSupported" Type="Capabilities.IsolationLevel" AppliesTo="EntityContainer">
        <Annotation Term="Core.Description" String="Supported odata.isolation levels" />
      </Term>
      <EnumType Name="IsolationLevel" IsFlags="true">
        <Member Name="Snapshot" Value="1">
          <Annotation Term="Core.Description"
            String="All data returned for a request, including multiple requests within a batch or results retrieved across multiple pages, will be consistent as of a single point in time" />
        </Member>
      </EnumType>

      <Term Name="CrossJoinSupported" Type="Core.Tag" DefaultValue="true" AppliesTo="EntityContainer">
        <Annotation Term="Core.Description" String="Supports cross joins for the entity sets in this container" />
      </Term>

      <Term Name="CallbackSupported" Type="Capabilities.CallbackType" AppliesTo="EntityContainer EntitySet">
        <Annotation Term="Core.Description" String="Supports callbacks for the specified protocols" />
      </Term>
      <ComplexType Name="CallbackType">
        <Property Name="CallbackProtocols" Type="Collection(Capabilities.CallbackProtocol)" Nullable="false">
          <Annotation Term="Core.Description" String="List of supported callback protocols, e.g. `http` or `wss`" />
        </Property>
        <Annotation Term="Core.Description"
          String="A non-empty collection lists the full set of supported protocols. A empty collection means 'only HTTP is supported'" />
      </ComplexType>
      <ComplexType Name="CallbackProtocol">
        <Property Name="Id" Type="Edm.String">
          <Annotation Term="Core.Description" String="Protocol Identifier" />
        </Property>
        <Property Name="UrlTemplate" Type="Edm.String">
          <Annotation Term="Core.Description"
            String="URL Template including parameters. Parameters are enclosed in curly braces {} as defined in RFC6570" />
        </Property>
        <Property Name="DocumentationUrl" Type="Edm.String" Nullable="true">
          <Annotation Term="Core.Description" String="Human readable description of the meaning of the URL Template parameters" />
          <Annotation Term="Core.IsURL" />
        </Property>
      </ComplexType>

      <Term Name="ChangeTracking" Type="Capabilities.ChangeTrackingType" AppliesTo="EntityContainer EntitySet">
        <Annotation Term="Core.Description" String="Change tracking capabilities of this service or entity set" />
      </Term>
      <ComplexType Name="ChangeTrackingType">
        <Property Name="Supported" Type="Edm.Boolean" DefaultValue="true">
          <Annotation Term="Core.Description" String="This entity set supports the odata.track-changes preference" />
        </Property>
        <Property Name="FilterableProperties" Type="Collection(Edm.PropertyPath)" Nullable="false">
          <Annotation Term="Core.Description" String="Change tracking supports filters on these properties" />
        </Property>
        <Property Name="ExpandableProperties" Type="Collection(Edm.NavigationPropertyPath)" Nullable="false">
          <Annotation Term="Core.Description" String="Change tracking supports these properties expanded" />
        </Property>
      </ComplexType>

      <!--Query Capabilities -->

      <Term Name="CountRestrictions" Type="Capabilities.CountRestrictionsType" AppliesTo="EntitySet Collection">
        <Annotation Term="Core.Description" String="Restrictions on /$count path suffix and $count=true system query option" />
      </Term>
      <ComplexType Name="CountRestrictionsType">
        <Property Name="Countable" Type="Edm.Boolean" DefaultValue="true">
          <Annotation Term="Core.Description" String="Entities can be counted" />
        </Property>
        <Property Name="NonCountableProperties" Type="Collection(Edm.PropertyPath)" Nullable="false">
          <Annotation Term="Core.Description" String="These collection properties do not allow /$count segments" />
        </Property>
        <Property Name="NonCountableNavigationProperties" Type="Collection(Edm.NavigationPropertyPath)" Nullable="false">
          <Annotation Term="Core.Description" String="These navigation properties do not allow /$count segments" />
        </Property>
      </ComplexType>

      <Term Name="NavigationRestrictions" Type="Capabilities.NavigationRestrictionsType" AppliesTo="EntitySet Collection">
        <Annotation Term="Core.Description" String="Restrictions on navigating properties according to OData URL conventions" />
      </Term>
      <ComplexType Name="NavigationRestrictionsType">
        <Property Name="Navigability" Type="Capabilities.NavigationType">
          <Annotation Term="Core.Description" String="Supported Navigability" />
        </Property>
        <Property Name="RestrictedProperties" Type="Collection(Capabilities.NavigationPropertyRestriction)" Nullable="false">
          <Annotation Term="Core.Description" String="List of navigation properties with restrictions" />
        </Property>
      </ComplexType>
      <ComplexType Name="NavigationPropertyRestriction">
        <Property Name="NavigationProperty" Type="Edm.NavigationPropertyPath">
          <Annotation Term="Core.Description" String="Navigation properties can be navigated" />
        </Property>
        <Property Name="Navigability" Type="Capabilities.NavigationType">
          <Annotation Term="Core.Description" String="Navigation properties can be navigated to this level" />
        </Property>
      </ComplexType>
      <EnumType Name="NavigationType">
        <Member Name="Recursive">
          <Annotation Term="Core.Description" String="Navigation properties can be recursively navigated" />
        </Member>
        <Member Name="Single">
          <Annotation Term="Core.Description" String="Navigation properties can be navigated to a single level" />
        </Member>
        <Member Name="None">
          <Annotation Term="Core.Description" String="Navigation properties are not navigable" />
        </Member>
      </EnumType>

      <Term Name="IndexableByKey" Type="Core.Tag" DefaultValue="true" AppliesTo="EntitySet Collection">
        <Annotation Term="Core.Description" String="Supports key values according to OData URL conventions" />
      </Term>

      <Term Name="TopSupported" Type="Core.Tag" DefaultValue="true" AppliesTo="EntitySet Collection">
        <Annotation Term="Core.Description" String="Supports $top" />
      </Term>
      <Term Name="SkipSupported" Type="Core.Tag" DefaultValue="true" AppliesTo="EntitySet Collection">
        <Annotation Term="Core.Description" String="Supports $skip" />
      </Term>

      <Term Name="BatchSupported" Type="Core.Tag" DefaultValue="true" AppliesTo="EntityContainer">
        <Annotation Term="Core.Description"
          String="Supports $batch requests. Services that apply the BatchSupported term should also apply the more comprehensive BatchSupport term." />
      </Term>

      <Term Name="BatchSupport" Type="Capabilities.BatchSupportType" AppliesTo="EntityContainer">
        <Annotation Term="Core.Description" String="Batch Support for the service" />
      </Term>
      <ComplexType Name="BatchSupportType">
        <Property Name="Supported" Type="Edm.Boolean" DefaultValue="true">
          <Annotation Term="Core.Description" String="Service supports requests to $batch" />
        </Property>
        <Property Name="ContinueOnErrorSupported" Type="Edm.Boolean">
          <Annotation Term="Core.Description" String="Service supports the continue on error preference" />
        </Property>
        <Property Name="ReferencesInRequestBodiesSupported" Type="Edm.Boolean">
          <Annotation Term="Core.Description" String="Service supports Content-ID referencing in request bodies" />
        </Property>
        <Property Name="ReferencesAcrossChangeSetsSupported" Type="Edm.Boolean">
          <Annotation Term="Core.Description" String="Service supports Content-ID referencing across change sets" />
        </Property>
        <Property Name="EtagReferencesSupported" Type="Edm.Boolean">
          <Annotation Term="Core.Description" String="Service supports referencing Etags from previous requests" />
        </Property>
      </ComplexType>

      <Term Name="FilterFunctions" Type="Collection(Edm.String)" Nullable="false" AppliesTo="EntityContainer EntitySet">
        <Annotation Term="Core.Description" String="List of functions and operators supported in $filter" />
      </Term>

      <Term Name="FilterRestrictions" Type="Capabilities.FilterRestrictionsType" AppliesTo="EntitySet Collection">
        <Annotation Term="Core.Description" String="Restrictions on $filter expressions" />
      </Term>
      <ComplexType Name="FilterRestrictionsType">
        <Property Name="Filterable" Type="Edm.Boolean" DefaultValue="true">
          <Annotation Term="Core.Description" String="$filter is supported" />
        </Property>
        <Property Name="RequiresFilter" Type="Edm.Boolean" DefaultValue="false">
          <Annotation Term="Core.Description" String="$filter is required" />
        </Property>
        <Property Name="RequiredProperties" Type="Collection(Edm.PropertyPath)" Nullable="false">
          <Annotation Term="Core.Description"
            String="These properties must be specified in the $filter clause (properties of derived types are not allowed here)" />
        </Property>
        <Property Name="NonFilterableProperties" Type="Collection(Edm.AnyPropertyPath)" Nullable="false">
          <Annotation Term="Core.Description" String="These structural or navigation properties cannot be used in $filter expressions" />
        </Property>
        <Property Name="FilterExpressionRestrictions" Type="Collection(Capabilities.FilterExpressionRestrictionType)"
          Nullable="false"
        >
          <Annotation Term="Core.Description" String="These properties only allow a subset of expressions" />
        </Property>
      </ComplexType>
      <ComplexType Name="FilterExpressionRestrictionType">
        <Property Name="Property" Type="Edm.PropertyPath">
          <Annotation Term="Core.Description" String="Path to the restricted property" />
        </Property>
        <Property Name="AllowedExpressions" Type="Capabilities.FilterExpressionType">
          <Annotation Term="Core.Description" String="Allowed subset of expressions" />
        </Property>
      </ComplexType>
      <TypeDefinition Name="FilterExpressionType" UnderlyingType="Edm.String">
        <Annotation Term="Validation.AllowedValues">
          <Collection>
            <Record>
              <PropertyValue Property="Value" String="SingleValue" />
              <Annotation Term="Core.Description" String="Property can be used in a single eq clause" />
            </Record>
            <Record>
              <PropertyValue Property="Value" String="MultiValue" />
              <Annotation Term="Core.Description" String="Property can be used in a single in clause" />
            </Record>
            <Record>
              <PropertyValue Property="Value" String="SingleRange" />
              <Annotation Term="Core.Description" String="Property can be used in at most one ge and/or one le clause, separated by and" />
            </Record>
          </Collection>
        </Annotation>
      </TypeDefinition>

      <Term Name="SortRestrictions" Type="Capabilities.SortRestrictionsType" AppliesTo="EntitySet Collection">
        <Annotation Term="Core.Description" String="Restrictions on $orderby expressions" />
      </Term>
      <ComplexType Name="SortRestrictionsType">
        <Property Name="Sortable" Type="Edm.Boolean" DefaultValue="true">
          <Annotation Term="Core.Description" String="$orderby is supported" />
        </Property>
        <Property Name="AscendingOnlyProperties" Type="Collection(Edm.PropertyPath)" Nullable="false">
          <Annotation Term="Core.Description" String="These properties can only be used for sorting in Ascending order" />
        </Property>
        <Property Name="DescendingOnlyProperties" Type="Collection(Edm.PropertyPath)" Nullable="false">
          <Annotation Term="Core.Description" String="These properties can only be used for sorting in Descending order" />
        </Property>
        <Property Name="NonSortableProperties" Type="Collection(Edm.AnyPropertyPath)" Nullable="false">
          <Annotation Term="Core.Description" String="These structural or navigation properties cannot be used in $orderby expressions" />
        </Property>
      </ComplexType>

      <Term Name="ExpandRestrictions" Type="Capabilities.ExpandRestrictionsType" AppliesTo="EntitySet Collection">
        <Annotation Term="Core.Description" String="Restrictions on $expand expressions" />
      </Term>
      <ComplexType Name="ExpandRestrictionsType">
        <Property Name="Expandable" Type="Edm.Boolean" DefaultValue="true">
          <Annotation Term="Core.Description" String="$expand is supported" />
        </Property>
        <Property Name="NonExpandableProperties" Type="Collection(Edm.NavigationPropertyPath)" Nullable="false">
          <Annotation Term="Core.Description" String="These properties cannot be used in $expand expressions" />
        </Property>
      </ComplexType>

      <Term Name="SearchRestrictions" Type="Capabilities.SearchRestrictionsType" AppliesTo="EntitySet Collection">
        <Annotation Term="Core.Description" String="Restrictions on $search expressions" />
      </Term>
      <ComplexType Name="SearchRestrictionsType">
        <Property Name="Searchable" Type="Edm.Boolean" DefaultValue="true">
          <Annotation Term="Core.Description" String="$search is supported" />
        </Property>
        <Property Name="UnsupportedExpressions" Type="Capabilities.SearchExpressions" DefaultValue="none">
          <Annotation Term="Core.Description" String="Expressions not supported in $search" />
        </Property>
      </ComplexType>
      <EnumType Name="SearchExpressions" IsFlags="true">
        <Member Name="none" Value="0">
          <Annotation Term="Core.Description" String="Single search term" />
        </Member>
        <Member Name="AND" Value="1">
          <Annotation Term="Core.Description" String="Multiple search terms separated by AND" />
        </Member>
        <Member Name="OR" Value="2">
          <Annotation Term="Core.Description" String="Multiple search terms separated by OR" />
        </Member>
        <Member Name="NOT" Value="4">
          <Annotation Term="Core.Description" String="Search terms preceded by NOT" />
        </Member>
        <Member Name="phrase" Value="8">
          <Annotation Term="Core.Description" String="Search phrases enclosed in double quotes" />
        </Member>
        <Member Name="group" Value="16">
          <Annotation Term="Core.Description" String="Precedence grouping of search expressions with parentheses" />
        </Member>
      </EnumType>

      <!-- Data Modification Capabilities -->

      <Term Name="InsertRestrictions" Type="Capabilities.InsertRestrictionsType" AppliesTo="EntitySet Collection">
        <Annotation Term="Core.Description" String="Restrictions on insert operations" />
      </Term>
      <ComplexType Name="InsertRestrictionsType">
        <Property Name="Insertable" Type="Edm.Boolean" DefaultValue="true">
          <Annotation Term="Core.Description" String="Entities can be inserted" />
        </Property>
        <Property Name="NonInsertableNavigationProperties" Type="Collection(Edm.NavigationPropertyPath)" Nullable="false">
          <Annotation Term="Core.Description" String="These navigation properties do not allow deep inserts" />
        </Property>
      </ComplexType>

      <Term Name="DeepInsertSupport" Type="Capabilities.DeepInsertSupportType" AppliesTo="EntityContainer">
        <Annotation Term="Core.Description" String="Deep Insert Support for the service" />
      </Term>
      <ComplexType Name="DeepInsertSupportType">
        <Property Name="Supported" Type="Edm.Boolean" DefaultValue="true">
          <Annotation Term="Core.Description" String="Service supports deep inserts" />
        </Property>
        <Property Name="ContentIDSupported" Type="Edm.Boolean" DefaultValue="true">
          <Annotation Term="Core.Description"
            String="Service supports accepting and returning nested entities annotated with the contentID instance annotation." />
        </Property>
      </ComplexType>

      <Term Name="UpdateRestrictions" Type="Capabilities.UpdateRestrictionsType" AppliesTo="EntitySet Collection">
        <Annotation Term="Core.Description" String="Restrictions on update operations" />
      </Term>
      <ComplexType Name="UpdateRestrictionsType">
        <Property Name="Updatable" Type="Edm.Boolean" DefaultValue="true">
          <Annotation Term="Core.Description" String="Entities can be updated" />
        </Property>
        <Property Name="NonUpdatableNavigationProperties" Type="Collection(Edm.NavigationPropertyPath)" Nullable="false">
          <Annotation Term="Core.Description" String="These navigation properties do not allow rebinding" />
        </Property>
      </ComplexType>

      <Term Name="DeleteRestrictions" Type="Capabilities.DeleteRestrictionsType" AppliesTo="EntitySet Collection">
        <Annotation Term="Core.Description" String="Restrictions on delete operations" />
      </Term>
      <ComplexType Name="DeleteRestrictionsType">
        <Property Name="Deletable" Type="Edm.Boolean" DefaultValue="true">
          <Annotation Term="Core.Description" String="Entities can be deleted" />
        </Property>
        <Property Name="NonDeletableNavigationProperties" Type="Collection(Edm.NavigationPropertyPath)" Nullable="false">
          <Annotation Term="Core.Description" String="These navigation properties do not allow DeleteLink requests" />
        </Property>
      </ComplexType>

    </Schema>
  </edmx:DataServices>
</edmx:Edmx>