<?xml version="1.0" encoding="utf-8"?><software-component-version formatVersion="1.0" schemaVersion="1.0"><software-component-version-key><PPMS-ID></PPMS-ID><name>OPENSAP_EXAMPLE</name><version>2</version><vendor>sap.com</vendor></software-component-version-key><caption>openSAP HANA5/HANA6 Example Implementation</caption><sp><sp-key><PPMS-ID></PPMS-ID><name>SP2</name><sp-level>000</sp-level><vendor>sap.com</vendor></sp-key><patch-level>0</patch-level><sp-caption>HANA 2.0 SPS 2 for openSAP HANA5/HANA6 Example</sp-caption></sp><runtime-type>XSART</runtime-type></software-component-version>
